LDraw/BrickLink,BrickLink ID,Farbe,Menge
11100,11100,Red,2
11610,11610,Black,6
11610,11610,Bright Light Yellow,1
11610,11610,Dark Turquoise,1
11610,11610,Sand Green,1
15068,15068,Black,2
15470,15470,Dark Green,1
15470,15470,Dark Tan,1
15470,15470,Dark Turquoise,1
15470,15470,Green,1
15470,15470,Medium Azure,1
15470,15470,Nougat,1
15470,15470,Trans-Yellow,11
18674,18674,Dark Red,1
20595,20595,Red,1
20877,20877,Tan,1
21268,21268,Dark Brown,1
2343,2343,Pearl Gold,12
2412b,2412b,Dark Green,1
2412b,2412b,Dark Red,6
2412b,2412b,Dark Turquoise,1
2412b,2412b,Green,2
2412b,2412b,Medium Azure,1
2412b,2412b,Red,12
24246,24246,Bright Light Orange,2
24246,24246,Bright Light Yellow,1
24246,24246,Dark Green,2
24246,24246,Dark Turquoise,1
24246,24246,Green,2
24246,24246,Pearl Gold,2
24246,24246,Sand Green,2
2431,2431,Black,2
2431,2431,Bright Light Orange,1
2431,2431,Dark Green,1
2431,2431,Dark Red,3
2431,2431,Dark Turquoise,8
2431,2431,Green,13
2431,2431,Pearl Gold,2
2431,2431,White,3
24866,24866,Dark Bluish Gray,1
24866,24866,Dark Green,2
24866,24866,Dark Turquoise,2
24866,24866,Green,2
24866,24866,Pearl Gold,2
25269,25269,Bright Light Yellow,1
25269,25269,Dark Tan,1
25269,25269,Green,1
25269,25269,Light Bluish Gray,1
25269,25269,Sand Green,1
2555,2555,Dark Green,2
2555,2555,Dark Turquoise,2
2555,2555,Green,3
2555,2555,Medium Azure,1
26139,26139,Black,1
3004,3004,Black,78
3004,3004,Dark Green,1
3004,3004,Dark Red,4
3004,3004,Dark Turquoise,1
3004,3004,Green,1
3004,3004,Light Bluish Gray,1
3004,3004,Pearl Gold,34
3004,3004,Red,19
3004,3004,Tan,1
3005,3005,Black,420
3005,3005,Bright Light Orange,169
3005,3005,Bright Light Yellow,53
3005,3005,Dark Bluish Gray,38
3005,3005,Dark Brown,4
3005,3005,Dark Green,154
3005,3005,Dark Red,16
3005,3005,Dark Tan,84
3005,3005,Dark Turquoise,176
3005,3005,Green,270
3005,3005,Light Bluish Gray,15
3005,3005,Light Nougat,42
3005,3005,Magenta,6
3005,3005,Medium Azure,29
3005,3005,Medium Nougat,36
3005,3005,Nougat,22
3005,3005,Pearl Gold,338
3005,3005,Red,42
3005,3005,Reddish Brown,7
3005,3005,Sand Green,18
3005,3005,Tan,170
3005,3005,Trans-Clear,1
3010,3010,Black,445
3010,3010,Dark Red,35
3023,3023,Black,20
3023,3023,Bright Light Orange,2
3023,3023,Dark Bluish Gray,1
3023,3023,Dark Green,9
3023,3023,Dark Red,16
3023,3023,Dark Turquoise,6
3023,3023,Green,16
3023,3023,Light Nougat,2
3023,3023,Magenta,1
3023,3023,Medium Azure,2
3023,3023,Pearl Gold,5
3023,3023,Red,18
3023,3023,Tan,2
3024,3024,Black,144
3024,3024,Bright Light Orange,107
3024,3024,Bright Light Yellow,52
3024,3024,Dark Bluish Gray,11
3024,3024,Dark Brown,4
3024,3024,Dark Green,19
3024,3024,Dark Red,560
3024,3024,Dark Tan,20
3024,3024,Green,1
3024,3024,Magenta,105
3024,3024,Medium Nougat,6
3024,3024,Nougat,6
3024,3024,Pearl Gold,170
3024,3024,Red,1034
3024,3024,Reddish Brown,2
3024,3024,Sand Green,1
3024,3024,Tan,25
3031,3031,Black,1
3032,3032,Black,1
3034,3034,White,4
3035,3035,White,2
3062,3062,Black,10
3062,3062,Bright Light Orange,4
3062,3062,Bright Light Yellow,4
3062,3062,Dark Bluish Gray,2
3062,3062,Dark Green,2
3062,3062,Dark Red,41
3062,3062,Dark Tan,2
3062,3062,Dark Turquoise,5
3062,3062,Green,4
3062,3062,Light Bluish Gray,2
3062,3062,Magenta,7
3062,3062,Medium Azure,5
3062,3062,Nougat,3
3062,3062,Pearl Gold,46
3062,3062,Red,42
3062,3062,Sand Green,2
3062,3062,Tan,1
3062,3062,White,12
3068,3068,Black,208
3068,3068,Dark Red,21
3068,3068,White,200
3069,3069,Black,54
3069,3069,Bright Light Orange,6
3069,3069,Dark Green,10
3069,3069,Dark Red,12
3069,3069,Dark Turquoise,14
3069,3069,Green,15
3069,3069,Pearl Gold,17
3069,3069,Red,15
3069,3069,Tan,1
3069,3069,White,53
3070,3070,Black,19
3070,3070,Bright Light Orange,1
3070,3070,Bright Light Yellow,1
3070,3070,Dark Green,5
3070,3070,Dark Red,43
3070,3070,Dark Tan,1
3070,3070,Dark Turquoise,4
3070,3070,Green,5
3070,3070,Light Bluish Gray,3
3070,3070,Magenta,11
3070,3070,Medium Azure,1
3070,3070,Pearl Gold,8
3070,3070,Red,46
3070,3070,Sand Green,1
3070,3070,White,22
32000,32000,Black,1
32000,32000,Dark Red,1
32000,32000,Green,1
32000,32000,Red,10
33061,33061,Trans-Clear,1
33291,33291,Bright Light Orange,3
33291,33291,Bright Light Yellow,1
33291,33291,Dark Bluish Gray,2
33291,33291,Dark Green,1
33291,33291,Dark Red,24
33291,33291,Dark Tan,3
33291,33291,Dark Turquoise,1
33291,33291,Green,3
33291,33291,Magenta,12
33291,33291,Pearl Gold,5
33291,33291,Red,46
33291,33291,Tan,2
3460,3460,White,4
35464,35464,Black,28
35464,35464,Bright Light Orange,2
35464,35464,Bright Light Yellow,1
35464,35464,Dark Bluish Gray,2
35464,35464,Dark Green,9
35464,35464,Dark Tan,3
35464,35464,Dark Turquoise,1
35464,35464,Green,1
35464,35464,Light Nougat,1
35464,35464,Medium Nougat,2
35464,35464,Nougat,2
35464,35464,Pearl Gold,4
35464,35464,Tan,13
35480,35480,Bright Light Orange,6
35480,35480,Bright Light Yellow,2
35480,35480,Dark Green,3
35480,35480,Dark Turquoise,2
35480,35480,Green,7
35480,35480,Light Nougat,1
35480,35480,Medium Azure,1
35480,35480,Pearl Gold,6
36036,36036,Black,21
3622,3622,Black,48
3623,3623,Bright Light Orange,2
3623,3623,Dark Green,2
3623,3623,Dark Turquoise,8
3623,3623,Green,13
3623,3623,Light Nougat,1
3623,3623,Medium Azure,1
3623,3623,Pearl Gold,1
3626c,3626c,Light Nougat,14
3626c,3626c,Medium Nougat,9
3626c,3626c,Reddish Brown,10
3666,3666,White,4
3700,3700,Black,1
3700,3700,Dark Red,3
3700,3700,Dark Turquoise,1
3700,3700,Green,1
3700,3700,Red,16
3710,3710,Black,1
3710,3710,Dark Turquoise,4
3710,3710,Green,2
3710,3710,Pearl Gold,2
3794b,3794b,Dark Red,1
3794b,3794b,Dark Turquoise,1
3794b,3794b,Green,1
3794b,3794b,Red,8
3795,3795,White,2
3818,3818,Light Nougat,9
3818,3818,Medium Nougat,6
3818,3818,Orange,1
3818,3818,Red,1
3818,3818,Reddish Brown,6
3818,3818,White,10
3819,3819,Light Nougat,9
3819,3819,Medium Nougat,6
3819,3819,Orange,1
3819,3819,Red,1
3819,3819,Reddish Brown,6
3819,3819,White,10
3820,3820,Light Nougat,28
3820,3820,Medium Nougat,18
3820,3820,Reddish Brown,20
3901,3901,Black,2
3901,3901,Dark Brown,1
3942c,3942c,Red,1
40240,40240,Black,1
4032,4032,Red,1
4070,4070,Dark Green,1
4070,4070,Pearl Gold,1
4073,4073,Bright Light Orange,4
4073,4073,Bright Light Yellow,2
4073,4073,Dark Bluish Gray,2
4073,4073,Dark Green,4
4073,4073,Dark Red,38
4073,4073,Dark Tan,1
4073,4073,Dark Turquoise,4
4073,4073,Green,6
4073,4073,Light Bluish Gray,1
4073,4073,Magenta,7
4073,4073,Medium Azure,1
4073,4073,Medium Nougat,1
4073,4073,Pearl Gold,10
4073,4073,Red,56
4073,4073,Sand Green,1
4073,4073,Tan,4
4073,4073,White,11
4162,4162,Pearl Gold,18
4162,4162,White,1
4186,4186,Black,1
4589,4589,Black,14
4589,4589,Bright Light Orange,1
4589,4589,Dark Bluish Gray,3
4589,4589,Dark Green,2
4589,4589,Dark Red,27
4589,4589,Dark Tan,1
4589,4589,Dark Turquoise,2
4589,4589,Green,7
4589,4589,Light Bluish Gray,3
4589,4589,Magenta,6
4589,4589,Medium Nougat,3
4589,4589,Nougat,1
4589,4589,Pearl Gold,1
4589,4589,Red,50
4589,4589,Tan,3
54200,54200,Black,50
54200,54200,Bright Light Orange,3
54200,54200,Bright Light Yellow,1
54200,54200,Dark Bluish Gray,6
54200,54200,Dark Brown,2
54200,54200,Dark Green,9
54200,54200,Dark Red,33
54200,54200,Dark Tan,12
54200,54200,Dark Turquoise,1
54200,54200,Green,6
54200,54200,Light Nougat,5
54200,54200,Magenta,7
54200,54200,Medium Azure,1
54200,54200,Medium Nougat,2
54200,54200,Nougat,2
54200,54200,Pearl Gold,5
54200,54200,Red,65
54200,54200,Reddish Brown,1
54200,54200,Sand Green,3
54200,54200,Tan,16
60897,60897,Pearl Gold,2
62696,62696,Black,1
63864,63864,Bright Light Orange,1
63864,63864,Bright Light Yellow,2
63864,63864,Dark Green,5
63864,63864,Dark Turquoise,7
63864,63864,Green,5
63864,63864,Medium Azure,1
63864,63864,Pearl Gold,6
63864,63864,Tan,1
6636,6636,Pearl Gold,5
6636,6636,White,3
85861,85861,Bright Light Orange,3
85861,85861,Bright Light Yellow,1
85861,85861,Dark Green,2
85861,85861,Dark Red,25
85861,85861,Dark Tan,4
85861,85861,Dark Turquoise,1
85861,85861,Green,7
85861,85861,Light Bluish Gray,1
85861,85861,Magenta,7
85861,85861,Medium Azure,1
85861,85861,Medium Nougat,2
85861,85861,Pearl Gold,4
85861,85861,Red,51
85861,85861,Reddish Brown,1
85861,85861,Sand Green,1
85861,85861,Tan,1
85984,85984,Black,17
85984,85984,Bright Light Orange,1
85984,85984,Dark Green,1
85984,85984,Dark Red,7
85984,85984,Dark Turquoise,2
85984,85984,Green,3
85984,85984,Light Nougat,1
85984,85984,Medium Azure,1
85984,85984,Pearl Gold,6
85984,85984,Red,11
85984,85984,Tan,1
87079,87079,Black,1
87079,87079,White,1
87087,87087,Black,96
91405,91405,Black,9
92081,92081,Black,1
92947,92947,Red,1
970c00,970c00,Orange,1
970c00,970c00,Red,1
970c00,970c00,White,10
973,973,Black,21
973,973,Orange,1
973,973,Red,1
973,973,White,10
98100,98100,Red,1
98138,98138,Bright Light Orange,1
98138,98138,Bright Light Yellow,1
98138,98138,Dark Bluish Gray,1
98138,98138,Dark Green,1
98138,98138,Dark Red,33
98138,98138,Dark Tan,3
98138,98138,Dark Turquoise,1
98138,98138,Green,7
98138,98138,Light Bluish Gray,1
98138,98138,Magenta,5
98138,98138,Medium Nougat,2
98138,98138,Pearl Gold,5
98138,98138,Red,60
98138,98138,Sand Green,1
98138,98138,Tan,4
98138,98138,White,11
99240,99240,Black,22
99240,99240,Dark Brown,1
