LDraw Part,BrickLink ID,Farbe,Menge
11610.dat,11610,Black,103
11610.dat,11610,Reddish Brown,3
11610.dat,11610,Medium Nougat,3
11610.dat,11610,Nougat,2
11610.dat,11610,Flat Silver,1
11610.dat,11610,Dark Brown,5
15068.dat,15068,Black,28
15470.dat,15470,Black,122
15470.dat,15470,White,1
15470.dat,15470,Reddish Brown,8
15470.dat,15470,Light Bluish Gray,1
15470.dat,15470,Dark Bluish Gray,2
15470.dat,15470,Light Nougat,4
15470.dat,15470,Medium Nougat,5
15470.dat,15470,Nougat,1
15470.dat,15470,Flat Silver,1
15470.dat,15470,Dark Brown,6
18674.dat,18674,Black,24
2412b.dat,2412b,Black,159
2412b.dat,2412b,Reddish Brown,3
2412b.dat,2412b,Light Nougat,1
2412b.dat,2412b,Nougat,1
2412b.dat,2412b,Dark Brown,4
24246.dat,24246,Black,112
24246.dat,24246,White,3
24246.dat,24246,Reddish Brown,7
24246.dat,24246,Light Bluish Gray,2
24246.dat,24246,Dark Bluish Gray,2
24246.dat,24246,Light Nougat,4
24246.dat,24246,Medium Nougat,3
24246.dat,24246,Flat Silver,2
24246.dat,24246,Dark Brown,8
24866.dat,24866,Black,90
24866.dat,24866,White,1
24866.dat,24866,Reddish Brown,7
24866.dat,24866,Light Bluish Gray,1
24866.dat,24866,Dark Bluish Gray,1
24866.dat,24866,Light Nougat,4
24866.dat,24866,Medium Nougat,3
24866.dat,24866,Flat Silver,3
24866.dat,24866,Dark Brown,6
25269.dat,25269,Black,116
25269.dat,25269,White,1
25269.dat,25269,Reddish Brown,11
25269.dat,25269,Medium Nougat,2
25269.dat,25269,Nougat,1
25269.dat,25269,Flat Silver,1
25269.dat,25269,Dark Brown,10
2555.dat,2555,Black,82
2555.dat,2555,Reddish Brown,5
2555.dat,2555,Light Bluish Gray,2
2555.dat,2555,Light Nougat,1
2555.dat,2555,Medium Nougat,2
2555.dat,2555,Nougat,1
2555.dat,2555,Flat Silver,3
2555.dat,2555,Dark Brown,9
3004.dat,3004,Black,237
3004.dat,3004,White,2
3004.dat,3004,Reddish Brown,1
3004.dat,3004,Light Bluish Gray,2
3004.dat,3004,Light Nougat,1
3004.dat,3004,Dark Brown,2
3005.dat,3005,Black,387
3005.dat,3005,White,195
3005.dat,3005,Reddish Brown,595
3005.dat,3005,Light Bluish Gray,243
3005.dat,3005,Dark Bluish Gray,130
3005.dat,3005,Light Nougat,385
3005.dat,3005,Medium Nougat,570
3005.dat,3005,Nougat,198
3005.dat,3005,Flat Silver,181
3005.dat,3005,Dark Brown,435
3023.dat,3023,Black,171
3023.dat,3023,Reddish Brown,2
3023.dat,3023,Medium Nougat,3
3024.dat,3024,Black,503
3024.dat,3024,White,28
3024.dat,3024,Reddish Brown,222
3024.dat,3024,Light Bluish Gray,50
3024.dat,3024,Dark Bluish Gray,58
3024.dat,3024,Light Nougat,79
3024.dat,3024,Medium Nougat,160
3024.dat,3024,Nougat,49
3024.dat,3024,Flat Silver,47
3024.dat,3024,Dark Brown,278
3062b.dat,3062,Black,532
3062b.dat,3062,White,6
3062b.dat,3062,Reddish Brown,14
3062b.dat,3062,Light Bluish Gray,3
3062b.dat,3062,Dark Bluish Gray,4
3062b.dat,3062,Light Nougat,9
3062b.dat,3062,Medium Nougat,22
3062b.dat,3062,Nougat,9
3062b.dat,3062,Flat Silver,8
3062b.dat,3062,Dark Brown,25
3069b.dat,3069,Black,169
3069b.dat,3069,Reddish Brown,1
3069b.dat,3069,Medium Nougat,1
3069b.dat,3069,Dark Brown,3
3070b.dat,3070,Black,242
3070b.dat,3070,White,3
3070b.dat,3070,Reddish Brown,13
3070b.dat,3070,Light Bluish Gray,3
3070b.dat,3070,Dark Bluish Gray,1
3070b.dat,3070,Light Nougat,5
3070b.dat,3070,Medium Nougat,3
3070b.dat,3070,Nougat,3
3070b.dat,3070,Flat Silver,4
3070b.dat,3070,Dark Brown,14
32000.dat,32000,Black,82
32000.dat,32000,Reddish Brown,1
33291.dat,33291,Black,204
33291.dat,33291,White,2
33291.dat,33291,Reddish Brown,9
33291.dat,33291,Light Bluish Gray,4
33291.dat,33291,Dark Bluish Gray,4
33291.dat,33291,Light Nougat,4
33291.dat,33291,Medium Nougat,8
33291.dat,33291,Nougat,3
33291.dat,33291,Flat Silver,1
33291.dat,33291,Dark Brown,13
35464.dat,35464,Black,222
35464.dat,35464,White,2
35464.dat,35464,Reddish Brown,13
35464.dat,35464,Light Bluish Gray,4
35464.dat,35464,Dark Bluish Gray,3
35464.dat,35464,Light Nougat,3
35464.dat,35464,Medium Nougat,3
35464.dat,35464,Nougat,2
35464.dat,35464,Flat Silver,1
35464.dat,35464,Dark Brown,15
3700.dat,3700,Black,177
3700.dat,3700,Reddish Brown,4
3700.dat,3700,Medium Nougat,1
3700.dat,3700,Flat Silver,1
3794b.dat,3794b,Black,88
3794b.dat,3794b,Reddish Brown,2
3794b.dat,3794b,Light Nougat,2
3794b.dat,3794b,Medium Nougat,1
3941.dat,3941,Black,69
3942c.dat,3942c,Black,24
4032a.dat,4032,Black,31
4070.dat,4070,Black,103
4070.dat,4070,Reddish Brown,3
4070.dat,4070,Light Bluish Gray,4
4070.dat,4070,Medium Nougat,3
4070.dat,4070,Nougat,1
4070.dat,4070,Dark Brown,6
4150.dat,4150,Black,29
4186.dat,4186,Black,4
4589.dat,4589,Black,399
4589.dat,4589,White,3
4589.dat,4589,Reddish Brown,25
4589.dat,4589,Light Bluish Gray,6
4589.dat,4589,Dark Bluish Gray,5
4589.dat,4589,Light Nougat,10
4589.dat,4589,Medium Nougat,17
4589.dat,4589,Nougat,6
4589.dat,4589,Flat Silver,1
4589.dat,4589,Dark Brown,23
4740.dat,4740,Black,61
54200.dat,54200,Black,327
54200.dat,54200,White,1
54200.dat,54200,Reddish Brown,11
54200.dat,54200,Light Bluish Gray,2
54200.dat,54200,Dark Bluish Gray,2
54200.dat,54200,Light Nougat,5
54200.dat,54200,Medium Nougat,10
54200.dat,54200,Nougat,1
54200.dat,54200,Flat Silver,4
54200.dat,54200,Dark Brown,18
6141.dat,4073,Black,416
6141.dat,4073,White,4
6141.dat,4073,Reddish Brown,19
6141.dat,4073,Light Bluish Gray,7
6141.dat,4073,Dark Bluish Gray,6
6141.dat,4073,Light Nougat,7
6141.dat,4073,Medium Nougat,16
6141.dat,4073,Nougat,10
6141.dat,4073,Flat Silver,3
6141.dat,4073,Dark Brown,20
85861.dat,85861,Black,311
85861.dat,85861,White,3
85861.dat,85861,Reddish Brown,12
85861.dat,85861,Light Bluish Gray,6
85861.dat,85861,Dark Bluish Gray,7
85861.dat,85861,Light Nougat,11
85861.dat,85861,Medium Nougat,13
85861.dat,85861,Nougat,3
85861.dat,85861,Flat Silver,3
85861.dat,85861,Dark Brown,22
85984.dat,85984,Black,174
85984.dat,85984,White,1
85984.dat,85984,Reddish Brown,2
85984.dat,85984,Light Nougat,1
85984.dat,85984,Medium Nougat,2
85984.dat,85984,Nougat,2
92947.dat,92947,Black,61
98100.dat,98100,Black,51
98138.dat,98138,Black,311
98138.dat,98138,White,2
98138.dat,98138,Reddish Brown,14
98138.dat,98138,Light Bluish Gray,3
98138.dat,98138,Dark Bluish Gray,3
98138.dat,98138,Light Nougat,8
98138.dat,98138,Medium Nougat,11
98138.dat,98138,Nougat,6
98138.dat,98138,Flat Silver,6
98138.dat,98138,Dark Brown,12
98262.dat,98262,Black,26
