LDraw Part,BrickLink ID,Name,Farbe,Menge
15470.dat,15470,"Plate  1 x  1 Round with Swirled Top",White,110
2431.dat,2431,"Tile  1 x  4 with Groove",Black,11
2431.dat,2431,"Tile  1 x  4 with Groove",Blue,2
2431.dat,2431,"Tile  1 x  4 with Groove",Green,1
2431.dat,2431,"Tile  1 x  4 with Groove",White,3
2431.dat,2431,"Tile  1 x  4 with Groove",Tan,5
2431.dat,2431,"Tile  1 x  4 with Groove",Dark Bluish Gray,17
2445.dat,2445,"Plate  2 x 12",Black,6
2456.dat,2456,"Brick  2 x  6",Black,99
2456.dat,2456,"Brick  2 x  6",Blue,2
2456.dat,2456,"Brick  2 x  6",Green,1
2456.dat,2456,"Brick  2 x  6",Tan,1
3001.dat,3001,"Brick  2 x  4",Black,42
3001.dat,3001,"Brick  2 x  4",Blue,2
3001.dat,3001,"Brick  2 x  4",Green,5
3001.dat,3001,"Brick  2 x  4",White,3
3001.dat,3001,"Brick  2 x  4",Tan,5
3002.dat,3002,"Brick  2 x  3",Black,13
3002.dat,3002,"Brick  2 x  3",Blue,8
3002.dat,3002,"Brick  2 x  3",Green,2
3002.dat,3002,"Brick  2 x  3",White,3
3002.dat,3002,"Brick  2 x  3",Tan,4
3002.dat,3002,"Brick  2 x  3",Dark Tan,2
3003.dat,3003,"Brick  2 x  2",Black,169
3003.dat,3003,"Brick  2 x  2",Blue,25
3003.dat,3003,"Brick  2 x  2",Green,11
3003.dat,3003,"Brick  2 x  2",White,5
3003.dat,3003,"Brick  2 x  2",Tan,3
3003.dat,3003,"Brick  2 x  2",Dark Tan,3
3004.dat,3004,"Brick  1 x  2",Black,243
3004.dat,3004,"Brick  1 x  2",Blue,159
3004.dat,3004,"Brick  1 x  2",Green,79
3004.dat,3004,"Brick  1 x  2",White,76
3004.dat,3004,"Brick  1 x  2",Tan,17
3004.dat,3004,"Brick  1 x  2",Dark Tan,10
3004.dat,3004,"Brick  1 x  2",Dark Bluish Gray,70
3005.dat,3005,"Brick  1 x  1",Black,368
3005.dat,3005,"Brick  1 x  1",Blue,76
3005.dat,3005,"Brick  1 x  1",Green,83
3005.dat,3005,"Brick  1 x  1",White,91
3005.dat,3005,"Brick  1 x  1",Tan,14
3005.dat,3005,"Brick  1 x  1",Dark Tan,20
3005.dat,3005,"Brick  1 x  1",Trans-Clear,8
3005.dat,3005,"Brick  1 x  1",Dark Bluish Gray,14
3006.dat,3006,"Brick  2 x 10",Black,170
3007.dat,3007,"Brick  2 x  8",Black,50
3007.dat,3007,"Brick  2 x  8",White,4
3007.dat,3007,"Brick  2 x  8",Tan,2
3008.dat,3008,"Brick  1 x  8",Black,114
3008.dat,3008,"Brick  1 x  8",Blue,17
3008.dat,3008,"Brick  1 x  8",Green,3
3008.dat,3008,"Brick  1 x  8",White,12
3008.dat,3008,"Brick  1 x  8",Tan,5
3008.dat,3008,"Brick  1 x  8",Dark Bluish Gray,8
3009.dat,3009,"Brick  1 x  6",Black,166
3009.dat,3009,"Brick  1 x  6",Blue,15
3009.dat,3009,"Brick  1 x  6",Green,5
3009.dat,3009,"Brick  1 x  6",White,7
3009.dat,3009,"Brick  1 x  6",Tan,3
3009.dat,3009,"Brick  1 x  6",Dark Bluish Gray,6
3010.dat,3010,"Brick  1 x  4",Black,141
3010.dat,3010,"Brick  1 x  4",Blue,57
3010.dat,3010,"Brick  1 x  4",Green,27
3010.dat,3010,"Brick  1 x  4",White,142
3010.dat,3010,"Brick  1 x  4",Tan,6
3010.dat,3010,"Brick  1 x  4",Dark Bluish Gray,18
3020.dat,3020,"Plate  2 x  4",Black,6
3020.dat,3020,"Plate  2 x  4",Dark Bluish Gray,13
3021.dat,3021,"Plate  2 x  3",Dark Bluish Gray,6
3022.dat,3022,"Plate  2 x  2",Black,12
3022.dat,3022,"Plate  2 x  2",Dark Bluish Gray,13
3023.dat,3023,"Plate  1 x  2",Black,18
3023.dat,3023,"Plate  1 x  2",Blue,63
3023.dat,3023,"Plate  1 x  2",Green,30
3023.dat,3023,"Plate  1 x  2",White,22
3023.dat,3023,"Plate  1 x  2",Tan,9
3023.dat,3023,"Plate  1 x  2",Dark Tan,3
3023.dat,3023,"Plate  1 x  2",Dark Bluish Gray,42
3024.dat,3024,"Plate  1 x  1",Blue,152
3024.dat,3024,"Plate  1 x  1",Green,87
3024.dat,3024,"Plate  1 x  1",White,48
3024.dat,3024,"Plate  1 x  1",Tan,12
3024.dat,3024,"Plate  1 x  1",Dark Tan,20
3024.dat,3024,"Plate  1 x  1",Dark Bluish Gray,153
3031.dat,3031,"Plate  4 x  4",Dark Bluish Gray,12
3034.dat,3034,"Plate  2 x  8",Tan,1
3035.dat,3035,"Plate  4 x  8",Black,3
3036.dat,3036,"Plate  6 x  8",Black,3
30367c.dat,30367c,"Cylinder  2 x  2 with Dome Top with Axle Hole and Hollow Stud",White,21
3062b.dat,3062b,"Brick  1 x  1 Round with Hollow Stud",Black,24
3065.dat,3065,"Brick  1 x  2 without Centre Stud",Trans-Clear,58
3066.dat,3066,"Brick  1 x  4 without Centre Studs",Trans-Clear,18
3068b.dat,3068,"Tile  2 x  2 with Groove",Black,2
3068b.dat,3068,"Tile  2 x  2 with Groove",Blue,1
3068b.dat,3068,"Tile  2 x  2 with Groove",White,2
3068b.dat,3068,"Tile  2 x  2 with Groove",Tan,2
3068b.dat,3068,"Tile  2 x  2 with Groove",Dark Bluish Gray,14
3069b.dat,3069,"Tile  1 x  2 with Groove",Black,11
3069b.dat,3069,"Tile  1 x  2 with Groove",Blue,13
3069b.dat,3069,"Tile  1 x  2 with Groove",Green,17
3069b.dat,3069,"Tile  1 x  2 with Groove",White,27
3069b.dat,3069,"Tile  1 x  2 with Groove",Tan,16
3069b.dat,3069,"Tile  1 x  2 with Groove",Dark Tan,3
3069b.dat,3069,"Tile  1 x  2 with Groove",Dark Bluish Gray,29
3070b.dat,3070,"Tile  1 x  1 with Groove",Black,1510
3070b.dat,3070,"Tile  1 x  1 with Groove",Blue,24
3070b.dat,3070,"Tile  1 x  1 with Groove",Green,28
3070b.dat,3070,"Tile  1 x  1 with Groove",White,183
3070b.dat,3070,"Tile  1 x  1 with Groove",Tan,8
3070b.dat,3070,"Tile  1 x  1 with Groove",Dark Tan,2
3070b.dat,3070,"Tile  1 x  1 with Groove",Light Bluish Gray,486
3070b.dat,3070,"Tile  1 x  1 with Groove",Dark Bluish Gray,1517
3460.dat,3460,"Plate  1 x  8",Black,12
3460.dat,3460,"Plate  1 x  8",Blue,2
3460.dat,3460,"Plate  1 x  8",White,3
3460.dat,3460,"Plate  1 x  8",Dark Bluish Gray,15
3622.dat,3622,"Brick  1 x  3",Black,127
3622.dat,3622,"Brick  1 x  3",Blue,73
3622.dat,3622,"Brick  1 x  3",Green,41
3622.dat,3622,"Brick  1 x  3",White,28
3622.dat,3622,"Brick  1 x  3",Tan,5
3622.dat,3622,"Brick  1 x  3",Dark Tan,1
3622.dat,3622,"Brick  1 x  3",Dark Bluish Gray,38
3623.dat,3623,"Plate  1 x  3",Blue,21
3623.dat,3623,"Plate  1 x  3",Green,8
3623.dat,3623,"Plate  1 x  3",White,12
3623.dat,3623,"Plate  1 x  3",Tan,2
3623.dat,3623,"Plate  1 x  3",Dark Bluish Gray,119
3666.dat,3666,"Plate  1 x  6",Black,12
3666.dat,3666,"Plate  1 x  6",Blue,7
3666.dat,3666,"Plate  1 x  6",Green,4
3666.dat,3666,"Plate  1 x  6",White,2
3666.dat,3666,"Plate  1 x  6",Tan,2
3666.dat,3666,"Plate  1 x  6",Dark Bluish Gray,27
3710.dat,3710,"Plate  1 x  4",Black,12
3710.dat,3710,"Plate  1 x  4",Blue,13
3710.dat,3710,"Plate  1 x  4",Green,4
3710.dat,3710,"Plate  1 x  4",White,6
3710.dat,3710,"Plate  1 x  4",Tan,6
3710.dat,3710,"Plate  1 x  4",Dark Bluish Gray,236
3795.dat,3795,"Plate  2 x  6",White,1
3795.dat,3795,"Plate  2 x  6",Dark Bluish Gray,3
3811.dat,3811,"Baseplate 32 x 32",Black,4
3832.dat,3832,"Plate  2 x 10",Tan,1
4081b.dat,4081b,"Plate  1 x  1 with Clip Light Type 2",Black,4
41539.dat,41539,"Plate  8 x  8",Dark Bluish Gray,4
4162.dat,4162,"Tile  1 x  8",Black,47
4162.dat,4162,"Tile  1 x  8",Green,1
4162.dat,4162,"Tile  1 x  8",Dark Bluish Gray,10
4282.dat,4282,"Plate  2 x 16",Black,36
4282.dat,4282,"Plate  2 x 16",Dark Bluish Gray,1
4477.dat,4477,"Plate  1 x 10",Black,12
4477.dat,4477,"Plate  1 x 10",Dark Bluish Gray,3
54200.dat,54200,"Slope Brick 31  1 x  1 x  0.667",Blue,640
54200.dat,54200,"Slope Brick 31  1 x  1 x  0.667",Green,362
54200.dat,54200,"Slope Brick 31  1 x  1 x  0.667",White,264
54200.dat,54200,"Slope Brick 31  1 x  1 x  0.667",Tan,160
54200.dat,54200,"Slope Brick 31  1 x  1 x  0.667",Dark Tan,42
60479.dat,60479,"Plate  1 x 12",Black,90
60479.dat,60479,"Plate  1 x 12",White,1
60479.dat,60479,"Plate  1 x 12",Dark Bluish Gray,16
6111.dat,6111,"Brick  1 x 10",Black,91
6112.dat,6112,"Brick  1 x 12",Black,432
6141.dat,4073,"Plate  1 x  1 Round",Trans-Clear,24
63142.dat,x127c30pb01,"String with End Studs 30L overall (63142 / 14225)",Black,8
6636.dat,6636,"Tile  1 x  6",Black,21
6636.dat,6636,"Tile  1 x  6",Blue,1
6636.dat,6636,"Tile  1 x  6",Green,1
6636.dat,6636,"Tile  1 x  6",Tan,1
6636.dat,6636,"Tile  1 x  6",Dark Bluish Gray,2
87079.dat,87079,"Tile  2 x  4 with Groove",Black,18
87079.dat,87079,"Tile  2 x  4 with Groove",White,1
87079.dat,87079,"Tile  2 x  4 with Groove",Tan,2
87079.dat,87079,"Tile  2 x  4 with Groove",Dark Bluish Gray,2
91405.dat,91405,"Plate 16 x 16 with Underside Ribs",Black,16
91405.dat,91405,"Plate 16 x 16 with Underside Ribs",Dark Bluish Gray,9
92438.dat,92438,"Plate  8 x 16",Black,9
92438.dat,92438,"Plate  8 x 16",Dark Bluish Gray,12
95347.dat,95347,"Support  2 x  2 x 10 Girder Triangular  3 Sections with Axlehole",Light Bluish Gray,32
